x1_0.333333333333333,x2_0.666666666666667,x3_0.273392813011508,x4_0.367234991423671,x5_0.44740122426266,x6_0,x7_0.224680403946063,x8_0.352017795088953,x9_0,x10_0.243499495673409,x11_0,x12_0.266670525026285,x13_0.249791029561672,y_0.44063356927972
x1_0.333333333333333,x2_0.666666666666667,x3_0.273392813011508,x4_0.367234991423671,x5_0.44740122426266,x6_0,x7_0.224680403946063,x8_0.352017795088953,x9_0,x10_0.243499495673409,x11_0,x12_0.266670525026285,x13_0.249791029561672,y_0.44063356927972
x1_0.333333333333333,x2_0.666666666666667,x3_0.273392813011508,x4_0.367234991423671,x5_0.44740122426266,x6_0,x7_0.224680403946063,x8_0.352017795088953,x9_0,x10_0.243499495673409,x11_0,x12_0.266670525026285,x13_0.249791029561672,y_0.44063356927972
x1_0,x2_1,x3_0.245281442029998,x4_0.405717552887364,x5_0.519198664440735,x6_0,x7_0.384702196797229,x8_0.3266263854184,x9_0.00471263181435035,x10_0,x11_0,x12_0.776816403172858,x13_0,y_0.642684023195919
x1_0,x2_1,x3_0.245281442029998,x4_0.405717552887364,x5_0.519198664440735,x6_0,x7_0.384702196797229,x8_0.3266263854184,x9_0.00471263181435035,x10_0,x11_0,x12_0.776816403172858,x13_0,y_0.642684023195919
x1_0,x2_1,x3_0.245281442029998,x4_0.405717552887364,x5_0.519198664440735,x6_0,x7_0.384702196797229,x8_0.3266263854184,x9_0.00471263181435035,x10_0,x11_0,x12_0.776816403172858,x13_0,y_0.642684023195919
x1_0,x2_1,x3_0.245281442029998,x4_0.405717552887364,x5_0.519198664440735,x6_0,x7_0.384702196797229,x8_0.3266263854184,x9_0.00471263181435035,x10_0,x11_0,x12_0.776816403172858,x13_0,y_0.642684023195919
x1_0,x2_1,x3_0.245281442029998,x4_0.405717552887364,x5_0.519198664440735,x6_0,x7_0.384702196797229,x8_0.3266263854184,x9_0.00471263181435035,x10_0,x11_0,x12_0.776816403172858,x13_0,y_0.642684023195919
x1_0,x2_1,x3_0.245281442029998,x4_0.405717552887364,x5_0.519198664440735,x6_0,x7_0.384702196797229,x8_0.3266263854184,x9_0.00471263181435035,x10_0,x11_0,x12_0.776816403172858,x13_0,y_0.642684023195919
x1_0,x2_1,x3_0.245281442029998,x4_0.405717552887364,x5_0.519198664440735,x6_0,x7_0.384702196797229,x8_0.3266263854184,x9_0.00471263181435035,x10_0,x11_0,x12_0.776816403172858,x13_0,y_0.642684023195919
x1_0,x2_1,x3_0.245281442029998,x4_0.405717552887364,x5_0.519198664440735,x6_0,x7_0.384702196797229,x8_0.3266263854184,x9_0.00471263181435035,x10_0,x11_0,x12_0.776816403172858,x13_0,y_0.642684023195919
x1_0,x2_1,x3_0.245281442029998,x4_0.405717552887364,x5_0.519198664440735,x6_0,x7_0.384702196797229,x8_0.3266263854184,x9_0.00471263181435035,x10_0,x11_0,x12_0.776816403172858,x13_0,y_0.642684023195919
x1_0.285714285714286,x2_0.714285714285714,x3_0.280523927377964,x4_0.274957118353345,x5_0.498354400190794,x6_0.60735632183908,x7_0.330662041245195,x8_0.273248252796635,x9_0.00375998053657134,x10_0,x11_0.129683980615658,x12_0.394655069540042,x13_0.352118829183049,y_0.707179644020162
x1_0.285714285714286,x2_0.714285714285714,x3_0.280523927377964,x4_0.274957118353345,x5_0.498354400190794,x6_0.60735632183908,x7_0.330662041245195,x8_0.273248252796635,x9_0.00375998053657134,x10_0,x11_0.129683980615658,x12_0.394655069540042,x13_0.352118829183049,y_0.707179644020162
x1_0.285714285714286,x2_0.714285714285714,x3_0.280523927377964,x4_0.274957118353345,x5_0.498354400190794,x6_0.60735632183908,x7_0.330662041245195,x8_0.273248252796635,x9_0.00375998053657134,x10_0,x11_0.129683980615658,x12_0.394655069540042,x13_0.352118829183049,y_0.707179644020162
x1_0.285714285714286,x2_0.714285714285714,x3_0.280523927377964,x4_0.274957118353345,x5_0.498354400190794,x6_0.60735632183908,x7_0.330662041245195,x8_0.273248252796635,x9_0.00375998053657134,x10_0,x11_0.129683980615658,x12_0.394655069540042,x13_0.352118829183049,y_0.707179644020162
x1_0.285714285714286,x2_0.714285714285714,x3_0.280523927377964,x4_0.274957118353345,x5_0.498354400190794,x6_0.60735632183908,x7_0.330662041245195,x8_0.273248252796635,x9_0.00375998053657134,x10_0,x11_0.129683980615658,x12_0.394655069540042,x13_0.352118829183049,y_0.707179644020162
x1_0.285714285714286,x2_0.714285714285714,x3_0.280523927377964,x4_0.274957118353345,x5_0.498354400190794,x6_0.60735632183908,x7_0.330662041245195,x8_0.273248252796635,x9_0.00375998053657134,x10_0,x11_0.129683980615658,x12_0.394655069540042,x13_0.352118829183049,y_0.707179644020162
x1_0.285714285714286,x2_0.714285714285714,x3_0.280523927377964,x4_0.274957118353345,x5_0.498354400190794,x6_0.60735632183908,x7_0.330662041245195,x8_0.273248252796635,x9_0.00375998053657134,x10_0,x11_0.129683980615658,x12_0.394655069540042,x13_0.352118829183049,y_0.707179644020162
x1_0,x2_1,x3_0.28275889240291,x4_0.397440823327616,x5_0.514735670562048,x6_0,x7_0.282217422606192,x8_0.384422958133342,x9_0,x10_0,x11_0,x12_0.652512917466472,x13_0,y_0.47608264263517
x1_0,x2_1,x3_0.28275889240291,x4_0.397440823327616,x5_0.514735670562048,x6_0,x7_0.282217422606192,x8_0.384422958133342,x9_0,x10_0,x11_0,x12_0.652512917466472,x13_0,y_0.47608264263517
x1_0,x2_1,x3_0.28275889240291,x4_0.397440823327616,x5_0.514735670562048,x6_0,x7_0.282217422606192,x8_0.384422958133342,x9_0,x10_0,x11_0,x12_0.652512917466472,x13_0,y_0.47608264263517
x1_0.142857142857143,x2_0.857142857142857,x3_0.322526226813133,x4_0.316652781181083,x5_0.547817791557358,x6_0.473234811165846,x7_0.365853048358448,x8_0.314795046985437,x9_0.00707761042178134,x10_0,x11_0.129683980615658,x12_0.394655069540042,x13_0.23307121013543,y_0.691727316555192
x1_0.142857142857143,x2_0.857142857142857,x3_0.322526226813133,x4_0.316652781181083,x5_0.547817791557358,x6_0.473234811165846,x7_0.365853048358448,x8_0.314795046985437,x9_0.00707761042178134,x10_0,x11_0.129683980615658,x12_0.394655069540042,x13_0.23307121013543,y_0.691727316555192
x1_0.142857142857143,x2_0.857142857142857,x3_0.322526226813133,x4_0.316652781181083,x5_0.547817791557358,x6_0.473234811165846,x7_0.365853048358448,x8_0.314795046985437,x9_0.00707761042178134,x10_0,x11_0.129683980615658,x12_0.394655069540042,x13_0.23307121013543,y_0.691727316555192
x1_0.142857142857143,x2_0.857142857142857,x3_0.322526226813133,x4_0.316652781181083,x5_0.547817791557358,x6_0.473234811165846,x7_0.365853048358448,x8_0.314795046985437,x9_0.00707761042178134,x10_0,x11_0.129683980615658,x12_0.394655069540042,x13_0.23307121013543,y_0.691727316555192
x1_0.142857142857143,x2_0.857142857142857,x3_0.322526226813133,x4_0.316652781181083,x5_0.547817791557358,x6_0.473234811165846,x7_0.365853048358448,x8_0.314795046985437,x9_0.00707761042178134,x10_0,x11_0.129683980615658,x12_0.394655069540042,x13_0.23307121013543,y_0.691727316555192
x1_0.142857142857143,x2_0.857142857142857,x3_0.322526226813133,x4_0.316652781181083,x5_0.547817791557358,x6_0.473234811165846,x7_0.365853048358448,x8_0.314795046985437,x9_0.00707761042178134,x10_0,x11_0.129683980615658,x12_0.394655069540042,x13_0.23307121013543,y_0.691727316555192
x1_0.142857142857143,x2_0.857142857142857,x3_0.322526226813133,x4_0.316652781181083,x5_0.547817791557358,x6_0.473234811165846,x7_0.365853048358448,x8_0.314795046985437,x9_0.00707761042178134,x10_0,x11_0.129683980615658,x12_0.394655069540042,x13_0.23307121013543,y_0.691727316555192
x1_1,x2_0,x3_0.158478361312182,x4_0.207890222984563,x5_0.391040623260991,x6_0,x7_0.242375420777149,x8_0.204121041455598,x9_0.00541879547917634,x10_1.05607049954876,x11_0,x12_0,x13_0,y_0.380889010658669
x1_1,x2_0,x3_0.158478361312182,x4_0.207890222984563,x5_0.391040623260991,x6_0,x7_0.242375420777149,x8_0.204121041455598,x9_0.00541879547917634,x10_1.05607049954876,x11_0,x12_0,x13_0,y_0.380889010658669
x1_1,x2_0,x3_0.158478361312182,x4_0.207890222984563,x5_0.391040623260991,x6_0,x7_0.242375420777149,x8_0.204121041455598,x9_0.00541879547917634,x10_1.05607049954876,x11_0,x12_0,x13_0,y_0.380889010658669
x1_0,x2_1,x3_0.246773806496442,x4_0.25598627787307,x5_0.568725653867557,x6_0.459003831417625,x7_0.404393594458389,x8_0.26076267220108,x9_0.00554781441915673,x10_0,x11_0,x12_0.583255362316045,x13_0.119520897043833,y_0.703635662583191
x1_0,x2_1,x3_0.246773806496442,x4_0.25598627787307,x5_0.568725653867557,x6_0.459003831417625,x7_0.404393594458389,x8_0.26076267220108,x9_0.00554781441915673,x10_0,x11_0,x12_0.583255362316045,x13_0.119520897043833,y_0.703635662583191
x1_0,x2_1,x3_0.246773806496442,x4_0.25598627787307,x5_0.568725653867557,x6_0.459003831417625,x7_0.404393594458389,x8_0.26076267220108,x9_0.00554781441915673,x10_0,x11_0,x12_0.583255362316045,x13_0.119520897043833,y_0.703635662583191
x1_0,x2_1,x3_0.246773806496442,x4_0.25598627787307,x5_0.568725653867557,x6_0.459003831417625,x7_0.404393594458389,x8_0.26076267220108,x9_0.00554781441915673,x10_0,x11_0,x12_0.583255362316045,x13_0.119520897043833,y_0.703635662583191
x1_0,x2_1,x3_0.246773806496442,x4_0.25598627787307,x5_0.568725653867557,x6_0.459003831417625,x7_0.404393594458389,x8_0.26076267220108,x9_0.00554781441915673,x10_0,x11_0,x12_0.583255362316045,x13_0.119520897043833,y_0.703635662583191
x1_0,x2_1,x3_0.246773806496442,x4_0.25598627787307,x5_0.568725653867557,x6_0.459003831417625,x7_0.404393594458389,x8_0.26076267220108,x9_0.00554781441915673,x10_0,x11_0,x12_0.583255362316045,x13_0.119520897043833,y_0.703635662583191
x1_0,x2_1,x3_0.2335180283597,x4_0.483840823327616,x5_0.52488592097941,x6_0,x7_0.437771680968225,x8_0.396811997135986,x9_0,x10_0,x11_0,x12_0.833334940983174,x13_0,y_0.563940815438316
x1_0,x2_1,x3_0.2335180283597,x4_0.483840823327616,x5_0.52488592097941,x6_0,x7_0.437771680968225,x8_0.396811997135986,x9_0,x10_0,x11_0,x12_0.833334940983174,x13_0,y_0.563940815438316
x1_0,x2_1,x3_0.2335180283597,x4_0.483840823327616,x5_0.52488592097941,x6_0,x7_0.437771680968225,x8_0.396811997135986,x9_0,x10_0,x11_0,x12_0.833334940983174,x13_0,y_0.563940815438316
x1_0,x2_1,x3_0.273822613977844,x4_0.385145797598628,x5_0.49415692821369,x6_0,x7_0.280349463934777,x8_0.372779244163901,x9_0.000258037879960777,x10_0,x11_0,x12_0.746991283322562,x13_0,y_0.420689042454591
x1_0,x2_1,x3_0.273822613977844,x4_0.385145797598628,x5_0.49415692821369,x6_0,x7_0.280349463934777,x8_0.372779244163901,x9_0.000258037879960777,x10_0,x11_0,x12_0.746991283322562,x13_0,y_0.420689042454591
x1_0,x2_1,x3_0.273822613977844,x4_0.385145797598628,x5_0.49415692821369,x6_0,x7_0.280349463934777,x8_0.372779244163901,x9_0.000258037879960777,x10_0,x11_0,x12_0.746991283322562,x13_0,y_0.420689042454591
x1_0,x2_1,x3_0.279159309309847,x4_0.453346483704974,x5_0.435492487479132,x6_0,x7_0.380935146809877,x8_0.366782156209404,x9_0,x10_0,x11_0,x12_0.893943339989004,x13_0,y_0.749989637607151
x1_0,x2_1,x3_0.139860816120402,x4_0.266157804459691,x5_0.469949916527546,x6_0,x7_0.382394489521919,x8_0.20758600699025,x9_0.00619290911905868,x10_0,x11_0.277114190157668,x12_0.380048422413211,x13_0,y_0.58523050298495
x1_0,x2_1,x3_0.139860816120402,x4_0.266157804459691,x5_0.469949916527546,x6_0,x7_0.382394489521919,x8_0.20758600699025,x9_0.00619290911905868,x10_0,x11_0.277114190157668,x12_0.380048422413211,x13_0,y_0.58523050298495
x1_1,x2_0,x3_0,x4_0,x5_0.323205342237062,x6_0,x7_0.109847644620863,x8_0,x9_0.000774113639882332,x10_0.83889685194033,x11_0,x12_0,x13_0,y_0.2619037396241
x1_1,x2_0,x3_0,x4_0,x5_0.323205342237062,x6_0,x7_0.109847644620863,x8_0,x9_0.000774113639882332,x10_0.83889685194033,x11_0,x12_0,x13_0,y_0.2619037396241
x1_1,x2_0,x3_0,x4_0,x5_0.323205342237062,x6_0,x7_0.109847644620863,x8_0,x9_0.000774113639882332,x10_0.83889685194033,x11_0,x12_0,x13_0,y_0.2619037396241
x1_0,x2_1,x3_0.306177672556134,x4_0.367164665523156,x5_0.508597662771285,x6_0,x7_0.511934504699084,x8_0.372564778212047,x9_0,x10_0,x11_0,x12_0.847334355798632,x13_0,y_0.549221986507862
x1_0,x2_1,x3_0.306177672556134,x4_0.367164665523156,x5_0.508597662771285,x6_0,x7_0.511934504699084,x8_0.372564778212047,x9_0,x10_0,x11_0,x12_0.847334355798632,x13_0,y_0.549221986507862
x1_0,x2_1,x3_0.289420807381115,x4_0.526444596912522,x5_0.51712020033389,x6_0,x7_0.500029186854241,x8_0.437536233017257,x9_0.000774113639882332,x10_0,x11_0,x12_0.907582641240077,x13_0,y_0.690004348734897
x1_0,x2_1,x3_0.289420807381115,x4_0.526444596912522,x5_0.51712020033389,x6_0,x7_0.500029186854241,x8_0.437536233017257,x9_0.000774113639882332,x10_0,x11_0,x12_0.907582641240077,x13_0,y_0.690004348734897
x1_0,x2_1,x3_0.48365323658036,x4_0.976501200686106,x5_0.759716193656093,x6_0,x7_0.70433716654019,x8_0.835205116576766,x9_0.011611704598235,x10_0,x11_0,x12_1,x13_0,y_0.884624573403805
x1_0,x2_1,x3_0.48365323658036,x4_0.976501200686106,x5_0.759716193656093,x6_0,x7_0.70433716654019,x8_0.835205116576766,x9_0.011611704598235,x10_0,x11_0,x12_1,x13_0,y_0.884624573403805
x1_0.5,x2_0.5,x3_0.196637523773366,x4_0.25573756432247,x5_0.507445742904841,x6_0,x7_0.379361975366295,x8_0.258742000810949,x9_0.00619290911905868,x10_0.438421723204332,x11_0,x12_0.458180204685978,x13_0,y_0.558611731974444
x1_0.5,x2_0.5,x3_0.196637523773366,x4_0.25573756432247,x5_0.507445742904841,x6_0,x7_0.379361975366295,x8_0.258742000810949,x9_0.00619290911905868,x10_0.438421723204332,x11_0,x12_0.458180204685978,x13_0,y_0.558611731974444
x1_0,x2_1,x3_0.315004709902256,x4_0.559302458547742,x5_0.62122055277314,x6_0,x7_0.595273026806504,x8_0.472333706042392,x9_0.00800777554144948,x10_0,x11_0.0615809311461485,x12_0.763312144508429,x13_0,y_0.663629811888472
x1_0,x2_1,x3_0.315004709902256,x4_0.559302458547742,x5_0.62122055277314,x6_0,x7_0.595273026806504,x8_0.472333706042392,x9_0.00800777554144948,x10_0,x11_0.0615809311461485,x12_0.763312144508429,x13_0,y_0.663629811888472
x1_0,x2_1,x3_0.315004709902256,x4_0.559302458547742,x5_0.62122055277314,x6_0,x7_0.595273026806504,x8_0.472333706042392,x9_0.00800777554144948,x10_0,x11_0.0615809311461485,x12_0.763312144508429,x13_0,y_0.663629811888472
x1_0,x2_1,x3_0.315004709902256,x4_0.559302458547742,x5_0.62122055277314,x6_0,x7_0.595273026806504,x8_0.472333706042392,x9_0.00800777554144948,x10_0,x11_0.0615809311461485,x12_0.763312144508429,x13_0,y_0.663629811888472
x1_0,x2_1,x3_0.315004709902256,x4_0.559302458547742,x5_0.62122055277314,x6_0,x7_0.595273026806504,x8_0.472333706042392,x9_0.00800777554144948,x10_0,x11_0.0615809311461485,x12_0.763312144508429,x13_0,y_0.663629811888472
x1_0,x2_1,x3_0.315004709902256,x4_0.559302458547742,x5_0.62122055277314,x6_0,x7_0.595273026806504,x8_0.472333706042392,x9_0.00800777554144948,x10_0,x11_0.0615809311461485,x12_0.763312144508429,x13_0,y_0.663629811888472
x1_0,x2_1,x3_0.315004709902256,x4_0.559302458547742,x5_0.62122055277314,x6_0,x7_0.595273026806504,x8_0.472333706042392,x9_0.00800777554144948,x10_0,x11_0.0615809311461485,x12_0.763312144508429,x13_0,y_0.663629811888472
x1_0,x2_1,x3_0.315004709902256,x4_0.559302458547742,x5_0.62122055277314,x6_0,x7_0.595273026806504,x8_0.472333706042392,x9_0.00800777554144948,x10_0,x11_0.0615809311461485,x12_0.763312144508429,x13_0,y_0.663629811888472
x1_0,x2_1,x3_0.315004709902256,x4_0.559302458547742,x5_0.62122055277314,x6_0,x7_0.595273026806504,x8_0.472333706042392,x9_0.00800777554144948,x10_0,x11_0.0615809311461485,x12_0.763312144508429,x13_0,y_0.663629811888472
x1_0,x2_1,x3_0.266609121092841,x4_0.547354030874786,x5_0.567929883138564,x6_0,x7_0.513922129472885,x8_0.456327555412082,x9_0,x10_0,x11_0,x12_0.87727522643748,x13_0,y_0.817183587728906
x1_0,x2_1,x3_0.234083932965376,x4_0.485854030874786,x5_0.533380634390651,x6_0,x7_0.435818107524371,x8_0.398385096515263,x9_0.000387056819941166,x10_0,x11_0,x12_0.834090536408446,x13_0,y_0.770620771667956
x1_0,x2_1,x3_0.234083932965376,x4_0.485854030874786,x5_0.533380634390651,x6_0,x7_0.435818107524371,x8_0.398385096515263,x9_0.000387056819941166,x10_0,x11_0,x12_0.834090536408446,x13_0,y_0.770620771667956
x1_0,x2_1,x3_0.157993044387695,x4_0.299271012006861,x5_0.491652754590985,x6_0,x7_0.413206321872629,x8_0.23797514121801,x9_0.00170305000774113,x10_0,x11_0.128603280777194,x12_0.564526241668355,x13_0,y_0.459727171551641
x1_0,x2_1,x3_0.157993044387695,x4_0.299271012006861,x5_0.491652754590985,x6_0,x7_0.413206321872629,x8_0.23797514121801,x9_0.00170305000774113,x10_0,x11_0.128603280777194,x12_0.564526241668355,x13_0,y_0.459727171551641
x1_0,x2_1,x3_0.157993044387695,x4_0.299271012006861,x5_0.491652754590985,x6_0,x7_0.413206321872629,x8_0.23797514121801,x9_0.00170305000774113,x10_0,x11_0.128603280777194,x12_0.564526241668355,x13_0,y_0.459727171551641
x1_0,x2_1,x3_0.157993044387695,x4_0.299271012006861,x5_0.491652754590985,x6_0,x7_0.413206321872629,x8_0.23797514121801,x9_0.00170305000774113,x10_0,x11_0.128603280777194,x12_0.564526241668355,x13_0,y_0.459727171551641
x1_0,x2_1,x3_0.157993044387695,x4_0.299271012006861,x5_0.491652754590985,x6_0,x7_0.413206321872629,x8_0.23797514121801,x9_0.00170305000774113,x10_0,x11_0.128603280777194,x12_0.564526241668355,x13_0,y_0.459727171551641
x1_0,x2_1,x3_0.157993044387695,x4_0.299271012006861,x5_0.491652754590985,x6_0,x7_0.413206321872629,x8_0.23797514121801,x9_0.00170305000774113,x10_0,x11_0.128603280777194,x12_0.564526241668355,x13_0,y_0.459727171551641
x1_0,x2_1,x3_0.157993044387695,x4_0.299271012006861,x5_0.491652754590985,x6_0,x7_0.413206321872629,x8_0.23797514121801,x9_0.00170305000774113,x10_0,x11_0.128603280777194,x12_0.564526241668355,x13_0,y_0.459727171551641
x1_0,x2_1,x3_0.157993044387695,x4_0.299271012006861,x5_0.491652754590985,x6_0,x7_0.413206321872629,x8_0.23797514121801,x9_0.00170305000774113,x10_0,x11_0.128603280777194,x12_0.564526241668355,x13_0,y_0.459727171551641
x1_0,x2_1,x3_1,x4_1,x5_1,x6_1,x7_1,x8_1,x9_0.635160241523456,x10_0,x11_0,x12_0,x13_1,y_1
x1_0,x2_1,x3_1,x4_1,x5_1,x6_1,x7_1,x8_1,x9_0.635160241523456,x10_0,x11_0,x12_0,x13_1,y_1
x1_0,x2_1,x3_0.856285301881454,x4_0.880437392795883,x5_0.962854757929883,x6_0.936781609195402,x7_0.906310197886872,x8_0.881363048410104,x9_0.68315528719616,x10_0,x11_0,x12_0,x13_0.928134556574923,y_0.826665584517433
x1_0,x2_1,x3_0.856285301881454,x4_0.880437392795883,x5_0.962854757929883,x6_0.936781609195402,x7_0.906310197886872,x8_0.881363048410104,x9_0.68315528719616,x10_0,x11_0,x12_0,x13_0.928134556574923,y_0.826665584517433
x1_0,x2_1,x3_0.856285301881454,x4_0.880437392795883,x5_0.962854757929883,x6_0.936781609195402,x7_0.906310197886872,x8_0.881363048410104,x9_0.68315528719616,x10_0,x11_0,x12_0,x13_0.928134556574923,y_0.826665584517433
x1_0,x2_1,x3_0.856285301881454,x4_0.880437392795883,x5_0.962854757929883,x6_0.936781609195402,x7_0.906310197886872,x8_0.881363048410104,x9_0.68315528719616,x10_0,x11_0,x12_0,x13_0.928134556574923,y_0.826665584517433
x1_0.4,x2_0.6,x3_0.50669594088804,x4_0.460267581475129,x5_0.548580968280467,x6_0.513563218390805,x7_0.444107174128772,x8_0.455629284432118,x9_0.52453940238427,x10_0.381907947125338,x11_0.126134734830387,x12_0,x13_0.392660550458716,y_0.397267518604411
x1_0.4,x2_0.6,x3_0.50669594088804,x4_0.460267581475129,x5_0.548580968280467,x6_0.513563218390805,x7_0.444107174128772,x8_0.455629284432118,x9_0.52453940238427,x10_0.381907947125338,x11_0.126134734830387,x12_0,x13_0.392660550458716,y_0.397267518604411
x1_0.4,x2_0.6,x3_0.50669594088804,x4_0.460267581475129,x5_0.548580968280467,x6_0.513563218390805,x7_0.444107174128772,x8_0.455629284432118,x9_0.52453940238427,x10_0.381907947125338,x11_0.126134734830387,x12_0,x13_0.392660550458716,y_0.397267518604411
x1_0.4,x2_0.6,x3_0.50669594088804,x4_0.460267581475129,x5_0.548580968280467,x6_0.513563218390805,x7_0.444107174128772,x8_0.455629284432118,x9_0.52453940238427,x10_0.381907947125338,x11_0.126134734830387,x12_0,x13_0.392660550458716,y_0.397267518604411
x1_0.4,x2_0.6,x3_0.50669594088804,x4_0.460267581475129,x5_0.548580968280467,x6_0.513563218390805,x7_0.444107174128772,x8_0.455629284432118,x9_0.52453940238427,x10_0.381907947125338,x11_0.126134734830387,x12_0,x13_0.392660550458716,y_0.397267518604411
x1_0.333333333333333,x2_0.666666666666667,x3_0.488536850060351,x4_0.458147512864494,x5_0.549526989426823,x6_0.513409961685824,x7_0.404296304944253,x8_0.450074951382133,x9_0.53388037363885,x10_0.154217762913415,x11_0.208631947762383,x12_0,x13_0.533639143730887,y_0.408054863828965
x1_0.333333333333333,x2_0.666666666666667,x3_0.488536850060351,x4_0.458147512864494,x5_0.549526989426823,x6_0.513409961685824,x7_0.404296304944253,x8_0.450074951382133,x9_0.53388037363885,x10_0.154217762913415,x11_0.208631947762383,x12_0,x13_0.533639143730887,y_0.408054863828965
x1_0.333333333333333,x2_0.666666666666667,x3_0.488536850060351,x4_0.458147512864494,x5_0.549526989426823,x6_0.513409961685824,x7_0.404296304944253,x8_0.450074951382133,x9_0.53388037363885,x10_0.154217762913415,x11_0.208631947762383,x12_0,x13_0.533639143730887,y_0.408054863828965
x1_0.333333333333333,x2_0.666666666666667,x3_0.488536850060351,x4_0.458147512864494,x5_0.549526989426823,x6_0.513409961685824,x7_0.404296304944253,x8_0.450074951382133,x9_0.53388037363885,x10_0.154217762913415,x11_0.208631947762383,x12_0,x13_0.533639143730887,y_0.408054863828965
x1_0.333333333333333,x2_0.666666666666667,x3_0.488536850060351,x4_0.458147512864494,x5_0.549526989426823,x6_0.513409961685824,x7_0.404296304944253,x8_0.450074951382133,x9_0.53388037363885,x10_0.154217762913415,x11_0.208631947762383,x12_0,x13_0.533639143730887,y_0.408054863828965
x1_0.333333333333333,x2_0.666666666666667,x3_0.488536850060351,x4_0.458147512864494,x5_0.549526989426823,x6_0.513409961685824,x7_0.404296304944253,x8_0.450074951382133,x9_0.53388037363885,x10_0.154217762913415,x11_0.208631947762383,x12_0,x13_0.533639143730887,y_0.408054863828965
x1_0.6,x2_0.4,x3_0.71020669844806,x4_0.774202401372213,x5_0.703171953255426,x6_0.383448275862069,x7_0.592609888506217,x8_0.759550995423609,x9_0.880476854002168,x10_0,x11_0.735467431119605,x12_0,x13_0.406727828746177,y_0.571194901901803
x1_0.6,x2_0.4,x3_0.71020669844806,x4_0.774202401372213,x5_0.703171953255426,x6_0.383448275862069,x7_0.592609888506217,x8_0.759550995423609,x9_0.880476854002168,x10_0,x11_0.735467431119605,x12_0,x13_0.406727828746177,y_0.571194901901803
x1_0.6,x2_0.4,x3_0.71020669844806,x4_0.774202401372213,x5_0.703171953255426,x6_0.383448275862069,x7_0.592609888506217,x8_0.759550995423609,x9_0.880476854002168,x10_0,x11_0.735467431119605,x12_0,x13_0.406727828746177,y_0.571194901901803
x1_0.6,x2_0.4,x3_0.71020669844806,x4_0.774202401372213,x5_0.703171953255426,x6_0.383448275862069,x7_0.592609888506217,x8_0.759550995423609,x9_0.880476854002168,x10_0,x11_0.735467431119605,x12_0,x13_0.406727828746177,y_0.571194901901803
x1_0.6,x2_0.4,x3_0.71020669844806,x4_0.774202401372213,x5_0.703171953255426,x6_0.383448275862069,x7_0.592609888506217,x8_0.759550995423609,x9_0.880476854002168,x10_0,x11_0.735467431119605,x12_0,x13_0.406727828746177,y_0.571194901901803
x1_0.222222222222222,x2_0.777777777777778,x3_0.785159211410738,x4_0.752898799313894,x5_0.790020404377667,x6_0.691443167305236,x7_0.675798909060248,x8_0.745994215376688,x9_0.665479692418847,x10_0,x11_0.19642193555237,x12_0,x13_0.736323479442745,y_0.536599920905608
x1_0.222222222222222,x2_0.777777777777778,x3_0.785159211410738,x4_0.752898799313894,x5_0.790020404377667,x6_0.691443167305236,x7_0.675798909060248,x8_0.745994215376688,x9_0.665479692418847,x10_0,x11_0.19642193555237,x12_0,x13_0.736323479442745,y_0.536599920905608
x1_0.222222222222222,x2_0.777777777777778,x3_0.785159211410738,x4_0.752898799313894,x5_0.790020404377667,x6_0.691443167305236,x7_0.675798909060248,x8_0.745994215376688,x9_0.665479692418847,x10_0,x11_0.19642193555237,x12_0,x13_0.736323479442745,y_0.536599920905608
x1_0.222222222222222,x2_0.777777777777778,x3_0.785159211410738,x4_0.752898799313894,x5_0.790020404377667,x6_0.691443167305236,x7_0.675798909060248,x8_0.745994215376688,x9_0.665479692418847,x10_0,x11_0.19642193555237,x12_0,x13_0.736323479442745,y_0.536599920905608
x1_0.222222222222222,x2_0.777777777777778,x3_0.785159211410738,x4_0.752898799313894,x5_0.790020404377667,x6_0.691443167305236,x7_0.675798909060248,x8_0.745994215376688,x9_0.665479692418847,x10_0,x11_0.19642193555237,x12_0,x13_0.736323479442745,y_0.536599920905608
x1_0.222222222222222,x2_0.777777777777778,x3_0.785159211410738,x4_0.752898799313894,x5_0.790020404377667,x6_0.691443167305236,x7_0.675798909060248,x8_0.745994215376688,x9_0.665479692418847,x10_0,x11_0.19642193555237,x12_0,x13_0.736323479442745,y_0.536599920905608
x1_0.222222222222222,x2_0.777777777777778,x3_0.785159211410738,x4_0.752898799313894,x5_0.790020404377667,x6_0.691443167305236,x7_0.675798909060248,x8_0.745994215376688,x9_0.665479692418847,x10_0,x11_0.19642193555237,x12_0,x13_0.736323479442745,y_0.536599920905608
x1_0.222222222222222,x2_0.777777777777778,x3_0.785159211410738,x4_0.752898799313894,x5_0.790020404377667,x6_0.691443167305236,x7_0.675798909060248,x8_0.745994215376688,x9_0.665479692418847,x10_0,x11_0.19642193555237,x12_0,x13_0.736323479442745,y_0.536599920905608
x1_0.222222222222222,x2_0.777777777777778,x3_0.785159211410738,x4_0.752898799313894,x5_0.790020404377667,x6_0.691443167305236,x7_0.675798909060248,x8_0.745994215376688,x9_0.665479692418847,x10_0,x11_0.19642193555237,x12_0,x13_0.736323479442745,y_0.536599920905608
x1_0.636363636363636,x2_0.363636363636364,x3_0.594961430247373,x4_0.543371277093404,x5_0.426620124449841,x6_0.360710553814002,x7_0.408807000599657,x8_0.530377827673155,x9_0.659826317048797,x10_0.512241381806599,x11_0.335316857055987,x12_0,x13_0.343341673616903,y_0.3981201431103
x1_0.636363636363636,x2_0.363636363636364,x3_0.594961430247373,x4_0.543371277093404,x5_0.426620124449841,x6_0.360710553814002,x7_0.408807000599657,x8_0.530377827673155,x9_0.659826317048797,x10_0.512241381806599,x11_0.335316857055987,x12_0,x13_0.343341673616903,y_0.3981201431103
x1_0.636363636363636,x2_0.363636363636364,x3_0.594961430247373,x4_0.543371277093404,x5_0.426620124449841,x6_0.360710553814002,x7_0.408807000599657,x8_0.530377827673155,x9_0.659826317048797,x10_0.512241381806599,x11_0.335316857055987,x12_0,x13_0.343341673616903,y_0.3981201431103
x1_0.636363636363636,x2_0.363636363636364,x3_0.594961430247373,x4_0.543371277093404,x5_0.426620124449841,x6_0.360710553814002,x7_0.408807000599657,x8_0.530377827673155,x9_0.659826317048797,x10_0.512241381806599,x11_0.335316857055987,x12_0,x13_0.343341673616903,y_0.3981201431103
x1_0.636363636363636,x2_0.363636363636364,x3_0.594961430247373,x4_0.543371277093404,x5_0.426620124449841,x6_0.360710553814002,x7_0.408807000599657,x8_0.530377827673155,x9_0.659826317048797,x10_0.512241381806599,x11_0.335316857055987,x12_0,x13_0.343341673616903,y_0.3981201431103
x1_0.636363636363636,x2_0.363636363636364,x3_0.594961430247373,x4_0.543371277093404,x5_0.426620124449841,x6_0.360710553814002,x7_0.408807000599657,x8_0.530377827673155,x9_0.659826317048797,x10_0.512241381806599,x11_0.335316857055987,x12_0,x13_0.343341673616903,y_0.3981201431103
x1_0.636363636363636,x2_0.363636363636364,x3_0.594961430247373,x4_0.543371277093404,x5_0.426620124449841,x6_0.360710553814002,x7_0.408807000599657,x8_0.530377827673155,x9_0.659826317048797,x10_0.512241381806599,x11_0.335316857055987,x12_0,x13_0.343341673616903,y_0.3981201431103
x1_0.636363636363636,x2_0.363636363636364,x3_0.594961430247373,x4_0.543371277093404,x5_0.426620124449841,x6_0.360710553814002,x7_0.408807000599657,x8_0.530377827673155,x9_0.659826317048797,x10_0.512241381806599,x11_0.335316857055987,x12_0,x13_0.343341673616903,y_0.3981201431103
x1_0.636363636363636,x2_0.363636363636364,x3_0.594961430247373,x4_0.543371277093404,x5_0.426620124449841,x6_0.360710553814002,x7_0.408807000599657,x8_0.530377827673155,x9_0.659826317048797,x10_0.512241381806599,x11_0.335316857055987,x12_0,x13_0.343341673616903,y_0.3981201431103
x1_0.636363636363636,x2_0.363636363636364,x3_0.594961430247373,x4_0.543371277093404,x5_0.426620124449841,x6_0.360710553814002,x7_0.408807000599657,x8_0.530377827673155,x9_0.659826317048797,x10_0.512241381806599,x11_0.335316857055987,x12_0,x13_0.343341673616903,y_0.3981201431103
x1_0.636363636363636,x2_0.363636363636364,x3_0.594961430247373,x4_0.543371277093404,x5_0.426620124449841,x6_0.360710553814002,x7_0.408807000599657,x8_0.530377827673155,x9_0.659826317048797,x10_0.512241381806599,x11_0.335316857055987,x12_0,x13_0.343341673616903,y_0.3981201431103
x1_0.7,x2_0.3,x3_0.734490453046035,x4_0.652843910806175,x5_0.338397328881469,x6_0.262758620689655,x7_0.435934854941334,x8_0.634544991493968,x9_1,x10_0.0955566172957477,x11_1,x12_0,x13_0.270336391437309,y_0.504452908649169
x1_0.7,x2_0.3,x3_0.734490453046035,x4_0.652843910806175,x5_0.338397328881469,x6_0.262758620689655,x7_0.435934854941334,x8_0.634544991493968,x9_1,x10_0.0955566172957477,x11_1,x12_0,x13_0.270336391437309,y_0.504452908649169
x1_0.7,x2_0.3,x3_0.734490453046035,x4_0.652843910806175,x5_0.338397328881469,x6_0.262758620689655,x7_0.435934854941334,x8_0.634544991493968,x9_1,x10_0.0955566172957477,x11_1,x12_0,x13_0.270336391437309,y_0.504452908649169
x1_0.7,x2_0.3,x3_0.734490453046035,x4_0.652843910806175,x5_0.338397328881469,x6_0.262758620689655,x7_0.435934854941334,x8_0.634544991493968,x9_1,x10_0.0955566172957477,x11_1,x12_0,x13_0.270336391437309,y_0.504452908649169
x1_0.7,x2_0.3,x3_0.734490453046035,x4_0.652843910806175,x5_0.338397328881469,x6_0.262758620689655,x7_0.435934854941334,x8_0.634544991493968,x9_1,x10_0.0955566172957477,x11_1,x12_0,x13_0.270336391437309,y_0.504452908649169
x1_0.7,x2_0.3,x3_0.734490453046035,x4_0.652843910806175,x5_0.338397328881469,x6_0.262758620689655,x7_0.435934854941334,x8_0.634544991493968,x9_1,x10_0.0955566172957477,x11_1,x12_0,x13_0.270336391437309,y_0.504452908649169
x1_0.7,x2_0.3,x3_0.734490453046035,x4_0.652843910806175,x5_0.338397328881469,x6_0.262758620689655,x7_0.435934854941334,x8_0.634544991493968,x9_1,x10_0.0955566172957477,x11_1,x12_0,x13_0.270336391437309,y_0.504452908649169
x1_0.7,x2_0.3,x3_0.734490453046035,x4_0.652843910806175,x5_0.338397328881469,x6_0.262758620689655,x7_0.435934854941334,x8_0.634544991493968,x9_1,x10_0.0955566172957477,x11_1,x12_0,x13_0.270336391437309,y_0.504452908649169
x1_0.7,x2_0.3,x3_0.734490453046035,x4_0.652843910806175,x5_0.338397328881469,x6_0.262758620689655,x7_0.435934854941334,x8_0.634544991493968,x9_1,x10_0.0955566172957477,x11_1,x12_0,x13_0.270336391437309,y_0.504452908649169
x1_0.7,x2_0.3,x3_0.734490453046035,x4_0.652843910806175,x5_0.338397328881469,x6_0.262758620689655,x7_0.435934854941334,x8_0.634544991493968,x9_1,x10_0.0955566172957477,x11_1,x12_0,x13_0.270336391437309,y_0.504452908649169
x1_0.333333333333333,x2_0.666666666666667,x3_0.511459568264929,x4_0.671286449399657,x5_0.491374513077351,x6_0.904597701149425,x7_0.486642149709104,x8_0.664994688616661,x9_0.689825566393147,x10_0,x11_0.568641503424112,x12_0.136360859513911,x13_0.370693170234455,y_0.459218188783255
x1_0.333333333333333,x2_0.666666666666667,x3_0.511459568264929,x4_0.671286449399657,x5_0.491374513077351,x6_0.904597701149425,x7_0.486642149709104,x8_0.664994688616661,x9_0.689825566393147,x10_0,x11_0.568641503424112,x12_0.136360859513911,x13_0.370693170234455,y_0.459218188783255
x1_0.333333333333333,x2_0.666666666666667,x3_0.511459568264929,x4_0.671286449399657,x5_0.491374513077351,x6_0.904597701149425,x7_0.486642149709104,x8_0.664994688616661,x9_0.689825566393147,x10_0,x11_0.568641503424112,x12_0.136360859513911,x13_0.370693170234455,y_0.459218188783255
x1_0.333333333333333,x2_0.666666666666667,x3_0.511459568264929,x4_0.671286449399657,x5_0.491374513077351,x6_0.904597701149425,x7_0.486642149709104,x8_0.664994688616661,x9_0.689825566393147,x10_0,x11_0.568641503424112,x12_0.136360859513911,x13_0.370693170234455,y_0.459218188783255
x1_0.333333333333333,x2_0.666666666666667,x3_0.511459568264929,x4_0.671286449399657,x5_0.491374513077351,x6_0.904597701149425,x7_0.486642149709104,x8_0.664994688616661,x9_0.689825566393147,x10_0,x11_0.568641503424112,x12_0.136360859513911,x13_0.370693170234455,y_0.459218188783255
x1_0.333333333333333,x2_0.666666666666667,x3_0.511459568264929,x4_0.671286449399657,x5_0.491374513077351,x6_0.904597701149425,x7_0.486642149709104,x8_0.664994688616661,x9_0.689825566393147,x10_0,x11_0.568641503424112,x12_0.136360859513911,x13_0.370693170234455,y_0.459218188783255
x1_0.571428571428571,x2_0.428571428571429,x3_0.588695825251114,x4_0.56412153883852,x5_0.495587884569521,x6_0.392446633825944,x7_0.464337833668287,x8_0.553825249185021,x9_0.547408931059651,x10_0.352876936727868,x11_0.407480718039724,x12_0,x13_0.389471384884229,y_0.419419517715332
x1_0.571428571428571,x2_0.428571428571429,x3_0.588695825251114,x4_0.56412153883852,x5_0.495587884569521,x6_0.392446633825944,x7_0.464337833668287,x8_0.553825249185021,x9_0.547408931059651,x10_0.352876936727868,x11_0.407480718039724,x12_0,x13_0.389471384884229,y_0.419419517715332
x1_0.571428571428571,x2_0.428571428571429,x3_0.588695825251114,x4_0.56412153883852,x5_0.495587884569521,x6_0.392446633825944,x7_0.464337833668287,x8_0.553825249185021,x9_0.547408931059651,x10_0.352876936727868,x11_0.407480718039724,x12_0,x13_0.389471384884229,y_0.419419517715332
x1_0.571428571428571,x2_0.428571428571429,x3_0.588695825251114,x4_0.56412153883852,x5_0.495587884569521,x6_0.392446633825944,x7_0.464337833668287,x8_0.553825249185021,x9_0.547408931059651,x10_0.352876936727868,x11_0.407480718039724,x12_0,x13_0.389471384884229,y_0.419419517715332
x1_0.571428571428571,x2_0.428571428571429,x3_0.588695825251114,x4_0.56412153883852,x5_0.495587884569521,x6_0.392446633825944,x7_0.464337833668287,x8_0.553825249185021,x9_0.547408931059651,x10_0.352876936727868,x11_0.407480718039724,x12_0,x13_0.389471384884229,y_0.419419517715332
x1_0.571428571428571,x2_0.428571428571429,x3_0.588695825251114,x4_0.56412153883852,x5_0.495587884569521,x6_0.392446633825944,x7_0.464337833668287,x8_0.553825249185021,x9_0.547408931059651,x10_0.352876936727868,x11_0.407480718039724,x12_0,x13_0.389471384884229,y_0.419419517715332
x1_0.571428571428571,x2_0.428571428571429,x3_0.588695825251114,x4_0.56412153883852,x5_0.495587884569521,x6_0.392446633825944,x7_0.464337833668287,x8_0.553825249185021,x9_0.547408931059651,x10_0.352876936727868,x11_0.407480718039724,x12_0,x13_0.389471384884229,y_0.419419517715332
x1_0.333333333333333,x2_0.666666666666667,x3_0.66063632033066,x4_0.540994854202401,x5_0.519476905954368,x6_0.545977011494253,x7_0.388924561710739,x8_0.527141671516353,x9_0.652319760540847,x10_0,x11_0.48494983277592,x12_0,x13_0.560142711518858,y_0.442107163657089
x1_0.333333333333333,x2_0.666666666666667,x3_0.66063632033066,x4_0.540994854202401,x5_0.519476905954368,x6_0.545977011494253,x7_0.388924561710739,x8_0.527141671516353,x9_0.652319760540847,x10_0,x11_0.48494983277592,x12_0,x13_0.560142711518858,y_0.442107163657089
x1_0.333333333333333,x2_0.666666666666667,x3_0.66063632033066,x4_0.540994854202401,x5_0.519476905954368,x6_0.545977011494253,x7_0.388924561710739,x8_0.527141671516353,x9_0.652319760540847,x10_0,x11_0.48494983277592,x12_0,x13_0.560142711518858,y_0.442107163657089
x1_0.333333333333333,x2_0.666666666666667,x3_0.66063632033066,x4_0.540994854202401,x5_0.519476905954368,x6_0.545977011494253,x7_0.388924561710739,x8_0.527141671516353,x9_0.652319760540847,x10_0,x11_0.48494983277592,x12_0,x13_0.560142711518858,y_0.442107163657089
x1_0.333333333333333,x2_0.666666666666667,x3_0.66063632033066,x4_0.540994854202401,x5_0.519476905954368,x6_0.545977011494253,x7_0.388924561710739,x8_0.527141671516353,x9_0.652319760540847,x10_0,x11_0.48494983277592,x12_0,x13_0.560142711518858,y_0.442107163657089
x1_0.333333333333333,x2_0.666666666666667,x3_0.66063632033066,x4_0.540994854202401,x5_0.519476905954368,x6_0.545977011494253,x7_0.388924561710739,x8_0.527141671516353,x9_0.652319760540847,x10_0,x11_0.48494983277592,x12_0,x13_0.560142711518858,y_0.442107163657089
x1_0.6,x2_0.4,x3_0.33219674855569,x4_0.196905660377359,x5_0.243071786310518,x6_0.252873563218391,x7_0.163563131165723,x8_0.188426490119487,x9_0.372658306239356,x10_0.61856983596114,x11_0,x12_0,x13_0.325993883792049,y_0.134073610717371
x1_0.6,x2_0.4,x3_0.33219674855569,x4_0.196905660377359,x5_0.243071786310518,x6_0.252873563218391,x7_0.163563131165723,x8_0.188426490119487,x9_0.372658306239356,x10_0.61856983596114,x11_0,x12_0,x13_0.325993883792049,y_0.134073610717371
x1_0.6,x2_0.4,x3_0.33219674855569,x4_0.196905660377359,x5_0.243071786310518,x6_0.252873563218391,x7_0.163563131165723,x8_0.188426490119487,x9_0.372658306239356,x10_0.61856983596114,x11_0,x12_0,x13_0.325993883792049,y_0.134073610717371
x1_0.6,x2_0.4,x3_0.33219674855569,x4_0.196905660377359,x5_0.243071786310518,x6_0.252873563218391,x7_0.163563131165723,x8_0.188426490119487,x9_0.372658306239356,x10_0.61856983596114,x11_0,x12_0,x13_0.325993883792049,y_0.134073610717371
x1_0.6,x2_0.4,x3_0.33219674855569,x4_0.196905660377359,x5_0.243071786310518,x6_0.252873563218391,x7_0.163563131165723,x8_0.188426490119487,x9_0.372658306239356,x10_0.61856983596114,x11_0,x12_0,x13_0.325993883792049,y_0.134073610717371
x1_1,x2_0,x3_0.207554468318296,x4_0.109879931389365,x5_0.0951585976627713,x6_0,x7_0.0325725293327885,x8_0.0972952157337585,x9_0.405635547298343,x10_1.07023411371237,x11_0,x12_0,x13_0,y_0.11163433711829
x1_0.428571428571429,x2_0.571428571428571,x3_0.620777397381182,x4_0.542979661847586,x5_0.568328165990937,x6_0.714285714285714,x7_0.533468982713043,x8_0.539062763045921,x9_0.561785327228894,x10_0,x11_0.540349919231907,x12_0,x13_0.513543031891656,y_0.481268794446326
x1_0.428571428571429,x2_0.571428571428571,x3_0.620777397381182,x4_0.542979661847586,x5_0.568328165990937,x6_0.714285714285714,x7_0.533468982713043,x8_0.539062763045921,x9_0.561785327228894,x10_0,x11_0.540349919231907,x12_0,x13_0.513543031891656,y_0.481268794446326
x1_0.428571428571429,x2_0.571428571428571,x3_0.620777397381182,x4_0.542979661847586,x5_0.568328165990937,x6_0.714285714285714,x7_0.533468982713043,x8_0.539062763045921,x9_0.561785327228894,x10_0,x11_0.540349919231907,x12_0,x13_0.513543031891656,y_0.481268794446326
x1_0.428571428571429,x2_0.571428571428571,x3_0.620777397381182,x4_0.542979661847586,x5_0.568328165990937,x6_0.714285714285714,x7_0.533468982713043,x8_0.539062763045921,x9_0.561785327228894,x10_0,x11_0.540349919231907,x12_0,x13_0.513543031891656,y_0.481268794446326
x1_0.428571428571429,x2_0.571428571428571,x3_0.620777397381182,x4_0.542979661847586,x5_0.568328165990937,x6_0.714285714285714,x7_0.533468982713043,x8_0.539062763045921,x9_0.561785327228894,x10_0,x11_0.540349919231907,x12_0,x13_0.513543031891656,y_0.481268794446326
x1_0.428571428571429,x2_0.571428571428571,x3_0.620777397381182,x4_0.542979661847586,x5_0.568328165990937,x6_0.714285714285714,x7_0.533468982713043,x8_0.539062763045921,x9_0.561785327228894,x10_0,x11_0.540349919231907,x12_0,x13_0.513543031891656,y_0.481268794446326
x1_0.428571428571429,x2_0.571428571428571,x3_0.620777397381182,x4_0.542979661847586,x5_0.568328165990937,x6_0.714285714285714,x7_0.533468982713043,x8_0.539062763045921,x9_0.561785327228894,x10_0,x11_0.540349919231907,x12_0,x13_0.513543031891656,y_0.481268794446326
x1_0.4,x2_0.6,x3_0.584275015311659,x4_0.394607204116638,x5_0.441068447412354,x6_0.553103448275862,x7_0.337983772109042,x8_0.424506588684464,x9_0.452392011147236,x10_0.175505653766523,x11_0.30546265328874,x12_0.17825621437046,x13_0.404281345565749,y_0.303675464996661
x1_0.4,x2_0.6,x3_0.584275015311659,x4_0.394607204116638,x5_0.441068447412354,x6_0.553103448275862,x7_0.337983772109042,x8_0.424506588684464,x9_0.452392011147236,x10_0.175505653766523,x11_0.30546265328874,x12_0.17825621437046,x13_0.404281345565749,y_0.303675464996661
x1_0.4,x2_0.6,x3_0.584275015311659,x4_0.394607204116638,x5_0.441068447412354,x6_0.553103448275862,x7_0.337983772109042,x8_0.424506588684464,x9_0.452392011147236,x10_0.175505653766523,x11_0.30546265328874,x12_0.17825621437046,x13_0.404281345565749,y_0.303675464996661
x1_0.4,x2_0.6,x3_0.584275015311659,x4_0.394607204116638,x5_0.441068447412354,x6_0.553103448275862,x7_0.337983772109042,x8_0.424506588684464,x9_0.452392011147236,x10_0.175505653766523,x11_0.30546265328874,x12_0.17825621437046,x13_0.404281345565749,y_0.303675464996661
x1_0.4,x2_0.6,x3_0.584275015311659,x4_0.394607204116638,x5_0.441068447412354,x6_0.553103448275862,x7_0.337983772109042,x8_0.424506588684464,x9_0.452392011147236,x10_0.175505653766523,x11_0.30546265328874,x12_0.17825621437046,x13_0.404281345565749,y_0.303675464996661
x1_0.555555555555556,x2_0.444444444444444,x3_0.404546577888889,x4_0.284871355060034,x5_0.370988684845112,x6_0.426564495530013,x7_0.34897100123882,x8_0.284836568380942,x9_0.485455264832877,x10_0.451062624975668,x11_0.14510449293058,x12_0,x13_0.35813795446823,y_0.288319509465441
x1_0.555555555555556,x2_0.444444444444444,x3_0.404546577888889,x4_0.284871355060034,x5_0.370988684845112,x6_0.426564495530013,x7_0.34897100123882,x8_0.284836568380942,x9_0.485455264832877,x10_0.451062624975668,x11_0.14510449293058,x12_0,x13_0.35813795446823,y_0.288319509465441
x1_0.555555555555556,x2_0.444444444444444,x3_0.404546577888889,x4_0.284871355060034,x5_0.370988684845112,x6_0.426564495530013,x7_0.34897100123882,x8_0.284836568380942,x9_0.485455264832877,x10_0.451062624975668,x11_0.14510449293058,x12_0,x13_0.35813795446823,y_0.288319509465441
x1_0.555555555555556,x2_0.444444444444444,x3_0.404546577888889,x4_0.284871355060034,x5_0.370988684845112,x6_0.426564495530013,x7_0.34897100123882,x8_0.284836568380942,x9_0.485455264832877,x10_0.451062624975668,x11_0.14510449293058,x12_0,x13_0.35813795446823,y_0.288319509465441
x1_0.555555555555556,x2_0.444444444444444,x3_0.404546577888889,x4_0.284871355060034,x5_0.370988684845112,x6_0.426564495530013,x7_0.34897100123882,x8_0.284836568380942,x9_0.485455264832877,x10_0.451062624975668,x11_0.14510449293058,x12_0,x13_0.35813795446823,y_0.288319509465441
x1_0.555555555555556,x2_0.444444444444444,x3_0.404546577888889,x4_0.284871355060034,x5_0.370988684845112,x6_0.426564495530013,x7_0.34897100123882,x8_0.284836568380942,x9_0.485455264832877,x10_0.451062624975668,x11_0.14510449293058,x12_0,x13_0.35813795446823,y_0.288319509465441
x1_0.555555555555556,x2_0.444444444444444,x3_0.404546577888889,x4_0.284871355060034,x5_0.370988684845112,x6_0.426564495530013,x7_0.34897100123882,x8_0.284836568380942,x9_0.485455264832877,x10_0.451062624975668,x11_0.14510449293058,x12_0,x13_0.35813795446823,y_0.288319509465441
x1_0.555555555555556,x2_0.444444444444444,x3_0.404546577888889,x4_0.284871355060034,x5_0.370988684845112,x6_0.426564495530013,x7_0.34897100123882,x8_0.284836568380942,x9_0.485455264832877,x10_0.451062624975668,x11_0.14510449293058,x12_0,x13_0.35813795446823,y_0.288319509465441
x1_0.555555555555556,x2_0.444444444444444,x3_0.404546577888889,x4_0.284871355060034,x5_0.370988684845112,x6_0.426564495530013,x7_0.34897100123882,x8_0.284836568380942,x9_0.485455264832877,x10_0.451062624975668,x11_0.14510449293058,x12_0,x13_0.35813795446823,y_0.288319509465441
x1_1,x2_0,x3_0.232053123399439,x4_0.108027444253859,x5_0.0480801335559265,x6_0,x7_0,x8_0.0931818257977966,x9_0.286731692212417,x10_0.798216276477146,x11_0.274884535754101,x12_0,x13_0,y_0
x1_1,x2_0,x3_0.232053123399439,x4_0.108027444253859,x5_0.0480801335559265,x6_0,x7_0,x8_0.0931818257977966,x9_0.286731692212417,x10_0.798216276477146,x11_0.274884535754101,x12_0,x13_0,y_0
x1_1,x2_0,x3_0.232053123399439,x4_0.108027444253859,x5_0.0480801335559265,x6_0,x7_0,x8_0.0931818257977966,x9_0.286731692212417,x10_0.798216276477146,x11_0.274884535754101,x12_0,x13_0,y_0
x1_1,x2_0,x3_0.232053123399439,x4_0.108027444253859,x5_0.0480801335559265,x6_0,x7_0,x8_0.0931818257977966,x9_0.286731692212417,x10_0.798216276477146,x11_0.274884535754101,x12_0,x13_0,y_0
x1_1,x2_0,x3_0.232053123399439,x4_0.108027444253859,x5_0.0480801335559265,x6_0,x7_0,x8_0.0931818257977966,x9_0.286731692212417,x10_0.798216276477146,x11_0.274884535754101,x12_0,x13_0,y_0
x1_0.375,x2_0.625,x3_0.748432121891554,x4_0.552984562607204,x5_0.490609348914858,x6_0.736781609195402,x7_0.516227890957913,x8_0.547521871059049,x9_0.516817618826444,x10_0.0732600732600733,x11_0.445532728141424,x12_0.222579120486925,x13_0.443807339449541,y_0.511150131955103
x1_0.375,x2_0.625,x3_0.748432121891554,x4_0.552984562607204,x5_0.490609348914858,x6_0.736781609195402,x7_0.516227890957913,x8_0.547521871059049,x9_0.516817618826444,x10_0.0732600732600733,x11_0.445532728141424,x12_0.222579120486925,x13_0.443807339449541,y_0.511150131955103
x1_0.375,x2_0.625,x3_0.748432121891554,x4_0.552984562607204,x5_0.490609348914858,x6_0.736781609195402,x7_0.516227890957913,x8_0.547521871059049,x9_0.516817618826444,x10_0.0732600732600733,x11_0.445532728141424,x12_0.222579120486925,x13_0.443807339449541,y_0.511150131955103
x1_0.375,x2_0.625,x3_0.748432121891554,x4_0.552984562607204,x5_0.490609348914858,x6_0.736781609195402,x7_0.516227890957913,x8_0.547521871059049,x9_0.516817618826444,x10_0.0732600732600733,x11_0.445532728141424,x12_0.222579120486925,x13_0.443807339449541,y_0.511150131955103
x1_0.375,x2_0.625,x3_0.748432121891554,x4_0.552984562607204,x5_0.490609348914858,x6_0.736781609195402,x7_0.516227890957913,x8_0.547521871059049,x9_0.516817618826444,x10_0.0732600732600733,x11_0.445532728141424,x12_0.222579120486925,x13_0.443807339449541,y_0.511150131955103
x1_0.375,x2_0.625,x3_0.748432121891554,x4_0.552984562607204,x5_0.490609348914858,x6_0.736781609195402,x7_0.516227890957913,x8_0.547521871059049,x9_0.516817618826444,x10_0.0732600732600733,x11_0.445532728141424,x12_0.222579120486925,x13_0.443807339449541,y_0.511150131955103
x1_0.375,x2_0.625,x3_0.748432121891554,x4_0.552984562607204,x5_0.490609348914858,x6_0.736781609195402,x7_0.516227890957913,x8_0.547521871059049,x9_0.516817618826444,x10_0.0732600732600733,x11_0.445532728141424,x12_0.222579120486925,x13_0.443807339449541,y_0.511150131955103
x1_0.375,x2_0.625,x3_0.748432121891554,x4_0.552984562607204,x5_0.490609348914858,x6_0.736781609195402,x7_0.516227890957913,x8_0.547521871059049,x9_0.516817618826444,x10_0.0732600732600733,x11_0.445532728141424,x12_0.222579120486925,x13_0.443807339449541,y_0.511150131955103
x1_0.636363636363636,x2_0.363636363636364,x3_0.439646990139649,x4_0.305607360049899,x5_0.319775383214448,x6_0.336050156739812,x7_0.25889270381711,x8_0.297085177204016,x9_0.42111782009599,x10_0.0532800532800533,x11_0.324023802284672,x12_0.161875723990491,x13_0.322768974145121,y_0.270046045034801
x1_0.636363636363636,x2_0.363636363636364,x3_0.439646990139649,x4_0.305607360049899,x5_0.319775383214448,x6_0.336050156739812,x7_0.25889270381711,x8_0.297085177204016,x9_0.42111782009599,x10_0.0532800532800533,x11_0.324023802284672,x12_0.161875723990491,x13_0.322768974145121,y_0.270046045034801
x1_0.636363636363636,x2_0.363636363636364,x3_0.439646990139649,x4_0.305607360049899,x5_0.319775383214448,x6_0.336050156739812,x7_0.25889270381711,x8_0.297085177204016,x9_0.42111782009599,x10_0.0532800532800533,x11_0.324023802284672,x12_0.161875723990491,x13_0.322768974145121,y_0.270046045034801
x1_0.636363636363636,x2_0.363636363636364,x3_0.439646990139649,x4_0.305607360049899,x5_0.319775383214448,x6_0.336050156739812,x7_0.25889270381711,x8_0.297085177204016,x9_0.42111782009599,x10_0.0532800532800533,x11_0.324023802284672,x12_0.161875723990491,x13_0.322768974145121,y_0.270046045034801
x1_0.636363636363636,x2_0.363636363636364,x3_0.439646990139649,x4_0.305607360049899,x5_0.319775383214448,x6_0.336050156739812,x7_0.25889270381711,x8_0.297085177204016,x9_0.42111782009599,x10_0.0532800532800533,x11_0.324023802284672,x12_0.161875723990491,x13_0.322768974145121,y_0.270046045034801
x1_0.636363636363636,x2_0.363636363636364,x3_0.439646990139649,x4_0.305607360049899,x5_0.319775383214448,x6_0.336050156739812,x7_0.25889270381711,x8_0.297085177204016,x9_0.42111782009599,x10_0.0532800532800533,x11_0.324023802284672,x12_0.161875723990491,x13_0.322768974145121,y_0.270046045034801
x1_0.636363636363636,x2_0.363636363636364,x3_0.439646990139649,x4_0.305607360049899,x5_0.319775383214448,x6_0.336050156739812,x7_0.25889270381711,x8_0.297085177204016,x9_0.42111782009599,x10_0.0532800532800533,x11_0.324023802284672,x12_0.161875723990491,x13_0.322768974145121,y_0.270046045034801
x1_0.636363636363636,x2_0.363636363636364,x3_0.439646990139649,x4_0.305607360049899,x5_0.319775383214448,x6_0.336050156739812,x7_0.25889270381711,x8_0.297085177204016,x9_0.42111782009599,x10_0.0532800532800533,x11_0.324023802284672,x12_0.161875723990491,x13_0.322768974145121,y_0.270046045034801
x1_0.636363636363636,x2_0.363636363636364,x3_0.439646990139649,x4_0.305607360049899,x5_0.319775383214448,x6_0.336050156739812,x7_0.25889270381711,x8_0.297085177204016,x9_0.42111782009599,x10_0.0532800532800533,x11_0.324023802284672,x12_0.161875723990491,x13_0.322768974145121,y_0.270046045034801
x1_0.636363636363636,x2_0.363636363636364,x3_0.439646990139649,x4_0.305607360049899,x5_0.319775383214448,x6_0.336050156739812,x7_0.25889270381711,x8_0.297085177204016,x9_0.42111782009599,x10_0.0532800532800533,x11_0.324023802284672,x12_0.161875723990491,x13_0.322768974145121,y_0.270046045034801
x1_0.636363636363636,x2_0.363636363636364,x3_0.439646990139649,x4_0.305607360049899,x5_0.319775383214448,x6_0.336050156739812,x7_0.25889270381711,x8_0.297085177204016,x9_0.42111782009599,x10_0.0532800532800533,x11_0.324023802284672,x12_0.161875723990491,x13_0.322768974145121,y_0.270046045034801
x1_0.583333333333333,x2_0.416666666666667,x3_0.528024813842456,x4_0.461389365351629,x5_0.448525319977741,x6_0.372222222222222,x7_0.428317085984473,x8_0.455150366323484,x9_0.595467564638489,x10_0.158199288634071,x11_0.631337261772044,x12_0.0805432570342719,x13_0.274464831804281,y_0.365259646215925
x1_0.583333333333333,x2_0.416666666666667,x3_0.528024813842456,x4_0.461389365351629,x5_0.448525319977741,x6_0.372222222222222,x7_0.428317085984473,x8_0.455150366323484,x9_0.595467564638489,x10_0.158199288634071,x11_0.631337261772044,x12_0.0805432570342719,x13_0.274464831804281,y_0.365259646215925
x1_0.583333333333333,x2_0.416666666666667,x3_0.528024813842456,x4_0.461389365351629,x5_0.448525319977741,x6_0.372222222222222,x7_0.428317085984473,x8_0.455150366323484,x9_0.595467564638489,x10_0.158199288634071,x11_0.631337261772044,x12_0.0805432570342719,x13_0.274464831804281,y_0.365259646215925
x1_0.583333333333333,x2_0.416666666666667,x3_0.528024813842456,x4_0.461389365351629,x5_0.448525319977741,x6_0.372222222222222,x7_0.428317085984473,x8_0.455150366323484,x9_0.595467564638489,x10_0.158199288634071,x11_0.631337261772044,x12_0.0805432570342719,x13_0.274464831804281,y_0.365259646215925
x1_0.583333333333333,x2_0.416666666666667,x3_0.528024813842456,x4_0.461389365351629,x5_0.448525319977741,x6_0.372222222222222,x7_0.428317085984473,x8_0.455150366323484,x9_0.595467564638489,x10_0.158199288634071,x11_0.631337261772044,x12_0.0805432570342719,x13_0.274464831804281,y_0.365259646215925
x1_0.583333333333333,x2_0.416666666666667,x3_0.528024813842456,x4_0.461389365351629,x5_0.448525319977741,x6_0.372222222222222,x7_0.428317085984473,x8_0.455150366323484,x9_0.595467564638489,x10_0.158199288634071,x11_0.631337261772044,x12_0.0805432570342719,x13_0.274464831804281,y_0.365259646215925
x1_0.583333333333333,x2_0.416666666666667,x3_0.528024813842456,x4_0.461389365351629,x5_0.448525319977741,x6_0.372222222222222,x7_0.428317085984473,x8_0.455150366323484,x9_0.595467564638489,x10_0.158199288634071,x11_0.631337261772044,x12_0.0805432570342719,x13_0.274464831804281,y_0.365259646215925
x1_0.583333333333333,x2_0.416666666666667,x3_0.528024813842456,x4_0.461389365351629,x5_0.448525319977741,x6_0.372222222222222,x7_0.428317085984473,x8_0.455150366323484,x9_0.595467564638489,x10_0.158199288634071,x11_0.631337261772044,x12_0.0805432570342719,x13_0.274464831804281,y_0.365259646215925
x1_0.583333333333333,x2_0.416666666666667,x3_0.528024813842456,x4_0.461389365351629,x5_0.448525319977741,x6_0.372222222222222,x7_0.428317085984473,x8_0.455150366323484,x9_0.595467564638489,x10_0.158199288634071,x11_0.631337261772044,x12_0.0805432570342719,x13_0.274464831804281,y_0.365259646215925
x1_0.583333333333333,x2_0.416666666666667,x3_0.528024813842456,x4_0.461389365351629,x5_0.448525319977741,x6_0.372222222222222,x7_0.428317085984473,x8_0.455150366323484,x9_0.595467564638489,x10_0.158199288634071,x11_0.631337261772044,x12_0.0805432570342719,x13_0.274464831804281,y_0.365259646215925
x1_0.583333333333333,x2_0.416666666666667,x3_0.528024813842456,x4_0.461389365351629,x5_0.448525319977741,x6_0.372222222222222,x7_0.428317085984473,x8_0.455150366323484,x9_0.595467564638489,x10_0.158199288634071,x11_0.631337261772044,x12_0.0805432570342719,x13_0.274464831804281,y_0.365259646215925
x1_0.583333333333333,x2_0.416666666666667,x3_0.528024813842456,x4_0.461389365351629,x5_0.448525319977741,x6_0.372222222222222,x7_0.428317085984473,x8_0.455150366323484,x9_0.595467564638489,x10_0.158199288634071,x11_0.631337261772044,x12_0.0805432570342719,x13_0.274464831804281,y_0.365259646215925
x1_0,x2_1,x3_0.706177314388662,x4_0.568216123499142,x5_0.813021702838063,x6_0.9,x7_0.595762068764229,x8_0.568680487061113,x9_0.501935284099706,x10_0,x11_0,x12_0,x13_0.839449541284404,y_0.506941616277064
x1_0,x2_1,x3_0.706177314388662,x4_0.568216123499142,x5_0.813021702838063,x6_0.9,x7_0.595762068764229,x8_0.568680487061113,x9_0.501935284099706,x10_0,x11_0,x12_0,x13_0.839449541284404,y_0.506941616277064
x1_1,x2_0,x3_0.245878387816575,x4_0.142710120068611,x5_0,x6_0.119540229885057,x7_0.0423793123577141,x8_0.165404910600091,x9_0.535170563038654,x10_0.868503477199129,x11_0.237829803047194,x12_0,x13_0,y_0.114729177571048
x1_1,x2_0,x3_0.245878387816575,x4_0.142710120068611,x5_0,x6_0.119540229885057,x7_0.0423793123577141,x8_0.165404910600091,x9_0.535170563038654,x10_0.868503477199129,x11_0.237829803047194,x12_0,x13_0,y_0.114729177571048
x1_1,x2_0,x3_0.245878387816575,x4_0.142710120068611,x5_0,x6_0.119540229885057,x7_0.0423793123577141,x8_0.165404910600091,x9_0.535170563038654,x10_0.868503477199129,x11_0.237829803047194,x12_0,x13_0,y_0.114729177571048
x1_0.666666666666667,x2_0.333333333333333,x3_0.543157389532197,x4_0.360891938250429,x5_0.237340011129661,x6_0.271264367816092,x7_0.268382853696029,x8_0.349962915262492,x9_0.472467358208185,x10_0.397887137017572,x11_0.547592504114243,x12_0.147582255404115,x13_0.168450560652396,y_0.225079081353114
x1_0.666666666666667,x2_0.333333333333333,x3_0.543157389532197,x4_0.360891938250429,x5_0.237340011129661,x6_0.271264367816092,x7_0.268382853696029,x8_0.349962915262492,x9_0.472467358208185,x10_0.397887137017572,x11_0.547592504114243,x12_0.147582255404115,x13_0.168450560652396,y_0.225079081353114
x1_0.666666666666667,x2_0.333333333333333,x3_0.543157389532197,x4_0.360891938250429,x5_0.237340011129661,x6_0.271264367816092,x7_0.268382853696029,x8_0.349962915262492,x9_0.472467358208185,x10_0.397887137017572,x11_0.547592504114243,x12_0.147582255404115,x13_0.168450560652396,y_0.225079081353114
x1_0.666666666666667,x2_0.333333333333333,x3_0.543157389532197,x4_0.360891938250429,x5_0.237340011129661,x6_0.271264367816092,x7_0.268382853696029,x8_0.349962915262492,x9_0.472467358208185,x10_0.397887137017572,x11_0.547592504114243,x12_0.147582255404115,x13_0.168450560652396,y_0.225079081353114
x1_0.666666666666667,x2_0.333333333333333,x3_0.543157389532197,x4_0.360891938250429,x5_0.237340011129661,x6_0.271264367816092,x7_0.268382853696029,x8_0.349962915262492,x9_0.472467358208185,x10_0.397887137017572,x11_0.547592504114243,x12_0.147582255404115,x13_0.168450560652396,y_0.225079081353114
x1_0.666666666666667,x2_0.333333333333333,x3_0.543157389532197,x4_0.360891938250429,x5_0.237340011129661,x6_0.271264367816092,x7_0.268382853696029,x8_0.349962915262492,x9_0.472467358208185,x10_0.397887137017572,x11_0.547592504114243,x12_0.147582255404115,x13_0.168450560652396,y_0.225079081353114
x1_0.666666666666667,x2_0.333333333333333,x3_0.564468354113016,x4_0.381646655231561,x5_0.243461324429605,x6_0.333333333333333,x7_0.244906893934972,x8_0.367332423342385,x9_0.437245187593539,x10_0.411689759515846,x11_0.486807878112226,x12_0,x13_0.338175331294597,y_0.225419522879496
x1_0.666666666666667,x2_0.333333333333333,x3_0.564468354113016,x4_0.381646655231561,x5_0.243461324429605,x6_0.333333333333333,x7_0.244906893934972,x8_0.367332423342385,x9_0.437245187593539,x10_0.411689759515846,x11_0.486807878112226,x12_0,x13_0.338175331294597,y_0.225419522879496
x1_0.666666666666667,x2_0.333333333333333,x3_0.564468354113016,x4_0.381646655231561,x5_0.243461324429605,x6_0.333333333333333,x7_0.244906893934972,x8_0.367332423342385,x9_0.437245187593539,x10_0.411689759515846,x11_0.486807878112226,x12_0,x13_0.338175331294597,y_0.225419522879496
x1_0.666666666666667,x2_0.333333333333333,x3_0.564468354113016,x4_0.381646655231561,x5_0.243461324429605,x6_0.333333333333333,x7_0.244906893934972,x8_0.367332423342385,x9_0.437245187593539,x10_0.411689759515846,x11_0.486807878112226,x12_0,x13_0.338175331294597,y_0.225419522879496
x1_0.666666666666667,x2_0.333333333333333,x3_0.564468354113016,x4_0.381646655231561,x5_0.243461324429605,x6_0.333333333333333,x7_0.244906893934972,x8_0.367332423342385,x9_0.437245187593539,x10_0.411689759515846,x11_0.486807878112226,x12_0,x13_0.338175331294597,y_0.225419522879496
x1_0.666666666666667,x2_0.333333333333333,x3_0.564468354113016,x4_0.381646655231561,x5_0.243461324429605,x6_0.333333333333333,x7_0.244906893934972,x8_0.367332423342385,x9_0.437245187593539,x10_0.411689759515846,x11_0.486807878112226,x12_0,x13_0.338175331294597,y_0.225419522879496
x1_0.5,x2_0.5,x3_0.881983817993618,x4_0.645042881646655,x5_0.479131886477462,x6_0.657854406130268,x7_0.487770708073084,x8_0.631826468002685,x9_0.551168911596222,x10_0.113871635610766,x11_0.60121038381908,x12_0,x13_0.591743119266055,y_0.490792058967079
x1_0.5,x2_0.5,x3_0.881983817993618,x4_0.645042881646655,x5_0.479131886477462,x6_0.657854406130268,x7_0.487770708073084,x8_0.631826468002685,x9_0.551168911596222,x10_0.113871635610766,x11_0.60121038381908,x12_0,x13_0.591743119266055,y_0.490792058967079
x1_0.5,x2_0.5,x3_0.881983817993618,x4_0.645042881646655,x5_0.479131886477462,x6_0.657854406130268,x7_0.487770708073084,x8_0.631826468002685,x9_0.551168911596222,x10_0.113871635610766,x11_0.60121038381908,x12_0,x13_0.591743119266055,y_0.490792058967079
x1_0.5,x2_0.5,x3_0.881983817993618,x4_0.645042881646655,x5_0.479131886477462,x6_0.657854406130268,x7_0.487770708073084,x8_0.631826468002685,x9_0.551168911596222,x10_0.113871635610766,x11_0.60121038381908,x12_0,x13_0.591743119266055,y_0.490792058967079
x1_0.5,x2_0.5,x3_0.881983817993618,x4_0.645042881646655,x5_0.479131886477462,x6_0.657854406130268,x7_0.487770708073084,x8_0.631826468002685,x9_0.551168911596222,x10_0.113871635610766,x11_0.60121038381908,x12_0,x13_0.591743119266055,y_0.490792058967079
x1_0.5,x2_0.5,x3_0.881983817993618,x4_0.645042881646655,x5_0.479131886477462,x6_0.657854406130268,x7_0.487770708073084,x8_0.631826468002685,x9_0.551168911596222,x10_0.113871635610766,x11_0.60121038381908,x12_0,x13_0.591743119266055,y_0.490792058967079
x1_0.666666666666667,x2_0.333333333333333,x3_0.605944147364425,x4_0.449845626072041,x5_0.328881469115192,x6_0.391570881226054,x7_0.305566905998871,x8_0.436293838460224,x9_0.612298085358931,x10_0.31055900621118,x11_0.430004777830865,x12_0,x13_0.390927624872579,y_0.375476853749638
x1_0.666666666666667,x2_0.333333333333333,x3_0.605944147364425,x4_0.449845626072041,x5_0.328881469115192,x6_0.391570881226054,x7_0.305566905998871,x8_0.436293838460224,x9_0.612298085358931,x10_0.31055900621118,x11_0.430004777830865,x12_0,x13_0.390927624872579,y_0.375476853749638
x1_0.666666666666667,x2_0.333333333333333,x3_0.605944147364425,x4_0.449845626072041,x5_0.328881469115192,x6_0.391570881226054,x7_0.305566905998871,x8_0.436293838460224,x9_0.612298085358931,x10_0.31055900621118,x11_0.430004777830865,x12_0,x13_0.390927624872579,y_0.375476853749638
